"grid_case","k","frobenius_rel_error","max_rel_error","variance_rel_error"
"balanced irregular",10,0.00477221333843191,0.00308641975319171,0.00308641975319171
"balanced irregular",20,0.00108436524535198,0.000692520775728736,0.000692520775728736
"balanced irregular",40,0.000258057778491407,0.000164365549086809,0.000164365549086809
"balanced irregular",80,6.27717816909436e-05,4.00576831692268e-05,4.00576831692268e-05
"balanced irregular",160,1.55029664410914e-05,9.88884943806348e-06,9.88884943806348e-06
"balanced irregular",320,3.85172771836815e-06,2.45673696983851e-06,2.45673696983851e-06
"boundary clustered",10,0.00433129365302707,0.00308641975302148,0.00308641975302148
"boundary clustered",20,0.000968534251426335,0.000692520775558224,0.000692520775558224
"boundary clustered",40,0.000230178868120942,0.000164365548915624,0.000164365548915624
"boundary clustered",80,5.62160042557782e-05,4.00576829988313e-05,4.00576829988313e-05
"boundary clustered",160,1.38605041976891e-05,9.88884926811602e-06,9.88884926811602e-06
"boundary clustered",320,3.44537625321357e-06,2.45673679936093e-06,2.45673679936093e-06
