"model","a","c_shift","k","fem_accuracy","frobenius_rel_error","max_rel_error","variance_rel_error"
"mgp",-1,0.5,20,0.02,0.032634242161249,0.0307928675175325,0.0307928675175325
"mgp",-1,0.5,40,0.01,0.0164756544443727,0.0155446955688091,0.0155446955688091
"mgp",-1,0.5,80,0.005,0.00831477847523272,0.00784459174519967,0.00784459174519967
"mgp",-1,0.5,160,0.0025,0.00415299593738568,0.00391812921273389,0.00391812921273389
"mgp",-1,1.5,20,0.02,0.0174590214465101,0.0153616124180025,0.0153616124180025
"mgp",-1,1.5,40,0.01,0.00883943871066817,0.00777612136006169,0.00777612136006169
"mgp",-1,1.5,80,0.005,0.00446846535499457,0.00393048347278543,0.00393048347278543
"mgp",-1,1.5,160,0.0025,0.00223361074701639,0.00196475577616928,0.00196475577616928
"mgp",0.5,0.5,20,0.02,0.00176644245283771,0.000576991854026396,0.000576991854026396
"mgp",0.5,0.5,40,0.01,0.000990503190814983,0.000325220296380541,0.000325220296380541
"mgp",0.5,0.5,80,0.005,0.000519557294697707,0.000169727036020093,0.000169727036020093
"mgp",0.5,0.5,160,0.0025,0.000263279972726302,8.69925194151133e-05,8.69925194151133e-05
"mgp",0.5,1.5,20,0.02,0.00540928305144049,0.00250933117998657,0.00250933117998657
"mgp",0.5,1.5,40,0.01,0.00280433983425643,0.00130035212925459,0.00130035212925459
"mgp",0.5,1.5,80,0.005,0.00142879394555158,0.000661595199013332,0.000661595199013332
"mgp",0.5,1.5,160,0.0025,0.000716706848288061,0.000332587228885144,0.000332587228885144
"mgp",1,0.5,20,0.02,0.00383755785169305,0.00185117137706149,0.00185117137706149
"mgp",1,0.5,40,0.01,0.00201747264331151,0.000973628605609004,0.000973628605609004
"mgp",1,0.5,80,0.005,0.00103426066845325,0.000498325301143921,0.000498325301143921
"mgp",1,0.5,160,0.0025,0.000519959853773935,0.000251243685126408,0.000251243685126408
"mgp",1,1.5,20,0.02,0.00742244516906969,0.00437068198854989,0.00437068198854989
"mgp",1,1.5,40,0.01,0.00379613528005518,0.00223414297224254,0.00223414297224254
"mgp",1,1.5,80,0.005,0.00192608173899517,0.00113271549607543,0.00113271549607543
"mgp",1,1.5,160,0.0025,0.000964627359238382,0.000567795959596679,0.000567795959596679
"mgp",2,0.5,20,0.02,0.0063417550792619,0.00383935906163393,0.00383935906163393
"mgp",2,0.5,40,0.01,0.00326284173276588,0.00197471921618561,0.00197471921618561
"mgp",2,0.5,80,0.005,0.00165976624616714,0.00100374889882014,0.00100374889882014
"mgp",2,0.5,160,0.0025,0.000831982857865276,0.000503643374712798,0.000503643374712798
"mgp",2,1.5,20,0.02,0.00898318345076777,0.00597075312862713,0.00597075312862713
"mgp",2,1.5,40,0.01,0.00457267030927902,0.00303780202548297,0.00303780202548297
"mgp",2,1.5,80,0.005,0.00231659195529264,0.00153822664786102,0.00153822664786102
"mgp",2,1.5,160,0.0025,0.00115944481231611,0.000770255166989735,0.000770255166989735
"tiwp2",-1,0.5,20,NA,0.00109320988941878,0.000692520775653427,0.000692520775653427
"tiwp2",-1,0.5,40,NA,0.000257993684398196,0.000164365549010811,0.000164365549010811
"tiwp2",-1,0.5,80,NA,6.29720618769292e-05,4.00576830931829e-05,4.00576830931829e-05
"tiwp2",-1,0.5,160,NA,1.55516887272572e-05,9.88884936337054e-06,9.88884936337054e-06
"tiwp2",-1,1.5,20,NA,0.00112195094327566,0.000692520775669191,0.000692520775669191
"tiwp2",-1,1.5,40,NA,0.000265173759650202,0.00016436554902658,0.00016436554902658
"tiwp2",-1,1.5,80,NA,6.47457891393762e-05,4.00576831097393e-05,4.00576831097393e-05
"tiwp2",-1,1.5,160,NA,1.59758502536304e-05,9.88884937937862e-06,9.88884937937862e-06
"tiwp2",0.5,0.5,20,NA,0.000864290755046843,0.000692520769675377,0.000692520769675377
"tiwp2",0.5,0.5,40,NA,0.000205414984626481,0.000164365543030069,0.000164365543030069
"tiwp2",0.5,0.5,80,NA,5.00899743252092e-05,4.00576771122012e-05,4.00576771122012e-05
"tiwp2",0.5,0.5,160,NA,1.23640132149713e-05,9.8888433815297e-06,9.8888433815297e-06
"tiwp2",0.5,1.5,20,NA,0.000963336968063214,0.000692520776401404,0.000692520776401404
"tiwp2",0.5,1.5,40,NA,0.000229076323882872,0.000164365549759613,0.000164365549759613
"tiwp2",0.5,1.5,80,NA,5.57625470135395e-05,4.00576838425849e-05,4.00576838425849e-05
"tiwp2",0.5,1.5,160,NA,1.37697470607191e-05,9.8888501122384e-06,9.8888501122384e-06
"tiwp2",1,0.5,20,NA,0.00101756094441698,0.000692520777805176,0.000692520777805176
"tiwp2",1,0.5,40,NA,0.000241523992871221,0.000164365551164474,0.000164365551164474
"tiwp2",1,0.5,80,NA,5.9008004251185e-05,4.0057685247085e-05,4.0057685247085e-05
"tiwp2",1,0.5,160,NA,1.45536452899181e-05,9.88885151631958e-06,9.88885151631958e-06
"tiwp2",1,1.5,20,NA,0.00105356235462157,0.00069252077523935,0.00069252077523935
"tiwp2",1,1.5,40,NA,0.000250839781174479,0.000164365548596639,0.000164365548596639
"tiwp2",1,1.5,80,NA,6.12880885906028e-05,4.00576826788222e-05,4.00576826788222e-05
"tiwp2",1,1.5,160,NA,1.51271569919696e-05,9.88884894882549e-06,9.88884894882549e-06
"tiwp2",2,0.5,20,NA,0.00109019240854939,0.000692520776136112,0.000692520776136112
"tiwp2",2,0.5,40,NA,0.000258022148823482,0.000164365549493723,0.000164365549493723
"tiwp2",2,0.5,80,NA,6.29137645045626e-05,4.00576835766187e-05,4.00576835766187e-05
"tiwp2",2,0.5,160,NA,1.55330126549717e-05,9.88884984653504e-06,9.88884984653504e-06
"tiwp2",2,1.5,20,NA,0.0010988140146605,0.000692520775709147,0.000692520775709147
"tiwp2",2,1.5,40,NA,0.000260502260930602,0.000164365549067064,0.000164365549067064
"tiwp2",2,1.5,80,NA,6.34451477368242e-05,4.00576831492572e-05,4.00576831492572e-05
"tiwp2",2,1.5,160,NA,1.5673249818583e-05,9.88884941946562e-06,9.88884941946562e-06
