"model","reference","k","fem_accuracy","frobenius_rel_error","max_rel_error","variance_rel_error"
"mgp","left",20,0.02,0.00941895183714531,0.00655629991864497,0.00655629991864497
"mgp","left",40,0.01,0.00479799555384547,0.00333953563095639,0.00333953563095639
"mgp","left",80,0.005,0.00243858097182731,0.00169620458792493,0.00169620458792493
"mgp","left",160,0.0025,0.00122703923637613,0.000853313526077955,0.000853313526077955
"mgp","middle",20,0.02,0.0265839514211129,0.0227570408652682,0.0227570408652682
"mgp","middle",40,0.01,0.0137596751470707,0.0117746324280941,0.0117746324280941
"mgp","middle",80,0.005,0.0071119816602236,0.00608342205332249,0.00608342205332249
"mgp","middle",160,0.0025,0.0035997379937279,0.00307856919965582,0.00307856919965582
"tiwp2","left",20,NA,0.00104148926131157,0.000692520775567455,0.000692520775567455
"tiwp2","left",40,NA,0.00024780490741219,0.000164365548925273,0.000164365548925273
"tiwp2","left",80,NA,6.0253629478749e-05,4.00576830075111e-05,4.00576830075111e-05
"tiwp2","left",160,NA,1.48893204484448e-05,9.88884927772256e-06,9.88884927772256e-06
"tiwp2","middle",20,NA,0.000941822575992137,0.000692520775732953,0.000692520775732953
"tiwp2","middle",40,NA,0.000224537059283692,0.000164365549090283,0.000164365549090283
"tiwp2","middle",80,NA,5.47386474264511e-05,4.00576831731563e-05,4.00576831731563e-05
"tiwp2","middle",160,NA,1.34973758896277e-05,9.88884944352502e-06,9.88884944352502e-06
