"model","c","k","frobenius_rel_error","max_rel_error"
"mgp",1e-06,40,0.00214540865673345,0.00128247293309732
"mgp",1e-06,80,0.00110645770729341,0.00066018510966702
"mgp",1e-06,160,0.00055972554533018,0.000333823409849651
"tiwp2",1e-06,40,0.0002455508069704,0.000164365548862557
"tiwp2",1e-06,80,5.99687639227089e-05,4.00576829452479e-05
"tiwp2",1e-06,160,1.48090202230527e-05,9.88884921478309e-06
"mgp",1e-04,40,0.00214607998059207,0.00128291872293412
"mgp",1e-04,80,0.00110679450193094,0.000660409311214052
"mgp",1e-04,160,0.000559890067626414,0.000333931145930057
"tiwp2",1e-04,40,0.000245553542693428,0.000164365549147485
"tiwp2",1e-04,80,5.99686904692372e-05,4.00576832298601e-05
"tiwp2",1e-04,160,1.48090579483583e-05,9.88884949962852e-06
"mgp",0.01,40,0.00221204223445654,0.00132686899442461
"mgp",0.01,80,0.00113988200848232,0.000682513583559188
"mgp",0.01,160,0.000576413997468985,0.000344982336768025
"tiwp2",0.01,40,0.00024587429406676,0.000164365548682029
"tiwp2",0.01,80,5.99700066315431e-05,4.00576827646099e-05
"tiwp2",0.01,160,1.48203325124609e-05,9.88884903456715e-06
"mgp",0.1,40,0.00272129251961872,0.00167620785039756
"mgp",0.1,80,0.00139499364432862,0.000858015359811394
"mgp",0.1,160,0.000703941651144764,0.000432815003963709
"tiwp2",0.1,40,0.000246494588892767,0.000164365549068173
"tiwp2",0.1,80,6.0024881637071e-05,4.00576831512825e-05
"tiwp2",0.1,160,1.48239242540617e-05,9.88884942159597e-06
"mgp",1.25,40,0.00479799555384547,0.00333953563095639
"mgp",1.25,80,0.00243858097182731,0.00169620458792493
"mgp",1.25,160,0.00122703923637613,0.000853313526077955
"tiwp2",1.25,40,0.00024780490741219,0.000164365548925273
"tiwp2",1.25,80,6.0253629478749e-05,4.00576830075111e-05
"tiwp2",1.25,160,1.48893204484448e-05,9.88884927772256e-06
